CREATE TABLE regions (
  region_id INTEGER,
  region_name VARCHAR(9)
);

INSERT INTO regions
  (region_id, region_name)
VALUES
  ('1', 'Australia'),
  ('2', 'America'),
  ('3', 'Africa'),
  ('4', 'Asia'),
  ('5', 'Europe');


CREATE TABLE customer_nodes (
  customer_id INTEGER,
  region_id INTEGER,
  node_id INTEGER,
  start_date DATE,
  end_date DATE
);


INSERT INTO customer_nodes
  (customer_id, region_id, node_id, start_date, end_date)
VALUES
  ('1', '3', '4', '2020-01-02', '2020-01-03'),
  ('2', '3', '5', '2020-01-03', '2020-01-17'),
  ('3', '5', '4', '2020-01-27', '2020-02-18'),
  ('4', '5', '4', '2020-01-07', '2020-01-19'),
  ('5', '3', '3', '2020-01-15', '2020-01-23'),
  ('6', '1', '1', '2020-01-11', '2020-02-06'),
  ('7', '2', '5', '2020-01-20', '2020-02-04'),
  ('8', '1', '2', '2020-01-15', '2020-01-28'),
  ('9', '4', '5', '2020-01-21', '2020-01-25'),
  ('10', '3', '4', '2020-01-13', '2020-01-14'),
  ('11', '2', '5', '2020-01-19', '2020-01-25'),
  ('12', '1', '2', '2020-01-13', '2020-01-14'),
  ('13', '2', '3', '2020-01-02', '2020-01-14'),
  ('14', '1', '2', '2020-01-25', '2020-01-25'),
  ('15', '1', '3', '2020-01-25', '2020-02-08'),
  ('16', '4', '4', '2020-01-13', '2020-01-18'),
  ('17', '2', '3', '2020-01-19', '2020-01-27'),
  ('18', '1', '3', '2020-01-17', '2020-02-15'),
  ('19', '2', '2', '2020-01-17', '2020-02-06'),
  ('20', '2', '4', '2020-01-18', '2020-02-09'),
  ('21', '3', '2', '2020-01-12', '2020-01-25'),
  ('22', '4', '3', '2020-01-19', '2020-02-18'),
  ('23', '1', '5', '2020-01-21', '2020-02-15'),
  ('24', '2', '5', '2020-01-26', '2020-02-14'),
  ('25', '5', '1', '2020-01-28', '2020-02-10'),
  ('26', '3', '3', '2020-01-17', '2020-01-25'),
  ('27', '4', '3', '2020-01-01', '2020-01-22'),
  ('28', '4', '2', '2020-01-20', '2020-02-13'),
  ('29', '2', '3', '2020-01-19', '2020-01-31'),
  ('30', '2', '1', '2020-01-26', '2020-02-06'),
  ('31', '3', '2', '2020-01-06', '2020-01-13'),
  ('32', '4', '4', '2020-01-12', '2020-01-14'),
  ('33', '3', '4', '2020-01-24', '2020-02-17'),
  ('34', '2', '3', '2020-01-30', '2020-02-18'),
  ('35', '4', '5', '2020-01-17', '2020-02-15'),
  ('36', '2', '3', '2020-01-30', '2020-02-19'),
  ('37', '1', '3', '2020-01-29', '2020-02-04'),
  ('38', '5', '1', '2020-01-21', '2020-02-14'),
  ('39', '5', '2', '2020-01-22', '2020-01-23'),
  ('40', '2', '1', '2020-01-21', '2020-02-17'),
  ('41', '5', '1', '2020-01-30', '2020-02-26'),
  ('42', '4', '3', '2020-01-11', '2020-01-16'),
  ('43', '2', '2', '2020-01-28', '2020-02-25'),
  ('44', '3', '1', '2020-01-19', '2020-02-09'),
  ('45', '2', '1', '2020-01-14', '2020-02-08'),
  ('46', '1', '4', '2020-01-23', '2020-01-26'),
  ('47', '5', '4', '2020-01-22', '2020-01-26'),
  ('48', '5', '2', '2020-01-01', '2020-01-18'),
  ('49', '2', '5', '2020-01-04', '2020-01-09'),
  ('50', '2', '5', '2020-01-29', '2020-02-06'),
  ('51', '1', '3', '2020-01-20', '2020-02-02'),
  ('52', '5', '2', '2020-01-12', '2020-01-26'),
  ('53', '4', '1', '2020-01-24', '2020-01-29'),
  ('54', '4', '1', '2020-01-09', '2020-01-29'),
  ('55', '5', '5', '2020-01-25', '2020-02-07'),
  ('56', '4', '4', '2020-01-18', '2020-01-20'),
  ('57', '5', '5', '2020-01-06', '2020-01-28'),
  ('58', '3', '2', '2020-01-11', '2020-01-31'),
  ('59', '3', '1', '2020-01-20', '2020-02-03'),
  ('60', '5', '5', '2020-01-19', '2020-01-20'),
  ('61', '4', '5', '2020-01-21', '2020-01-26'),
  ('62', '2', '1', '2020-01-16', '2020-02-11'),
  ('63', '1', '3', '2020-01-06', '2020-02-01'),
  ('64', '2', '3', '2020-01-08', '2020-01-24'),
  ('65', '1', '3', '2020-01-26', '2020-02-17'),
  ('66', '1', '2', '2020-01-16', '2020-02-06'),
  ('67', '3', '3', '2020-01-22', '2020-02-14'),
  ('68', '3', '3', '2020-01-20', '2020-02-18'),
  ('69', '1', '1', '2020-01-10', '2020-02-09'),
  ('70', '3', '3', '2020-01-08', '2020-01-22'),
  ('71', '1', '3', '2020-01-14', '2020-01-31'),
  ('72', '3', '2', '2020-01-20', '2020-02-16'),
  ('73', '1', '1', '2020-01-06', '2020-01-24'),
  ('74', '5', '1', '2020-01-13', '2020-02-06'),
  ('75', '4', '5', '2020-01-22', '2020-01-30'),
  ('76', '2', '1', '2020-01-04', '2020-02-03'),
  ('77', '5', '4', '2020-01-08', '2020-01-16'),
  ('78', '5', '3', '2020-01-28', '2020-01-29'),
  ('79', '1', '5', '2020-01-29', '2020-02-05'),
  ('80', '4', '3', '2020-01-25', '2020-02-16'),
  ('81', '1', '5', '2020-01-25', '2020-02-04'),
  ('82', '2', '5', '2020-01-09', '2020-02-01'),
  ('83', '2', '1', '2020-01-09', '2020-02-01'),
  ('84', '1', '4', '2020-01-23', '2020-02-06'),
  ('85', '5', '5', '2020-01-11', '2020-01-26'),
  ('86', '4', '3', '2020-01-03', '2020-01-25'),
  ('87', '2', '5', '2020-01-13', '2020-02-03'),
  ('88', '3', '2', '2020-01-12', '2020-02-03'),
  ('89', '5', '2', '2020-01-25', '2020-02-02'),
  ('90', '4', '1', '2020-01-19', '2020-02-08'),
  ('91', '4', '3', '2020-01-11', '2020-01-21'),
  ('92', '3', '3', '2020-01-05', '2020-01-29'),
  ('93', '4', '1', '2020-01-11', '2020-01-21'),
  ('94', '5', '2', '2020-01-01', '2020-01-25'),
  ('95', '1', '2', '2020-01-03', '2020-01-21'),
  ('96', '3', '1', '2020-01-03', '2020-01-20'),
  ('97', '3', '4', '2020-01-04', '2020-01-30'),
  ('98', '1', '5', '2020-01-15', '2020-01-28'),
  ('99', '2', '4', '2020-01-08', '2020-01-30'),
  ('100', '1', '3', '2020-01-06', '2020-01-15'),
  ('101', '2', '3', '2020-01-12', '2020-01-19'),
  ('102', '1', '4', '2020-01-26', '2020-01-28'),
  ('103', '4', '1', '2020-01-07', '2020-01-20'),
  ('104', '4', '4', '2020-01-25', '2020-02-12'),
  ('105', '1', '4', '2020-01-07', '2020-01-19'),
  ('106', '2', '5', '2020-01-24', '2020-02-21'),
  ('107', '2', '4', '2020-01-13', '2020-02-07'),
  ('108', '1', '1', '2020-01-30', '2020-02-06'),
  ('109', '4', '5', '2020-01-01', '2020-01-31'),
  ('110', '2', '1', '2020-01-01', '2020-01-07'),
  ('111', '4', '1', '2020-01-28', '2020-02-20'),
  ('112', '1', '1', '2020-01-08', '2020-01-28'),
  ('113', '1', '4', '2020-01-21', '2020-01-31'),
  ('114', '1', '3', '2020-01-19', '2020-01-23'),
  ('115', '5', '2', '2020-01-29', '2020-02-26'),
  ('116', '1', '2', '2020-01-28', '2020-01-29'),
  ('117', '5', '1', '2020-01-15', '2020-01-24'),
  ('118', '3', '2', '2020-01-03', '2020-02-01'),
  ('119', '2', '4', '2020-01-17', '2020-02-06'),
  ('120', '1', '5', '2020-01-23', '2020-02-15'),
  ('121', '3', '3', '2020-01-01', '2020-01-23'),
  ('122', '2', '3', '2020-01-29', '2020-02-01'),
  ('123', '4', '2', '2020-01-16', '2020-01-20'),
  ('124', '3', '3', '2020-01-01', '2020-01-04'),
  ('125', '2', '5', '2020-01-04', '2020-01-26'),
  ('126', '4', '1', '2020-01-21', '2020-02-02'),
  ('127', '5', '3', '2020-01-17', '2020-02-15'),
  ('128', '4', '1', '2020-01-26', '2020-02-25'),
  ('129', '3', '1', '2020-01-12', '2020-02-10'),
  ('130', '3', '4', '2020-01-02', '2020-01-21'),
  ('131', '3', '4', '2020-01-10', '2020-01-28'),
  ('132', '4', '2', '2020-01-10', '2020-01-28'),
  ('133', '2', '1', '2020-01-10', '2020-01-17'),
  ('134', '1', '2', '2020-01-08', '2020-01-28'),
  ('135', '5', '4', '2020-01-09', '2020-01-28'),
  ('136', '3', '2', '2020-01-11', '2020-01-16'),
  ('137', '1', '3', '2020-01-06', '2020-01-13'),
  ('138', '4', '4', '2020-01-11', '2020-01-28'),
  ('139', '4', '4', '2020-01-10', '2020-01-28'),
  ('140', '1', '5', '2020-01-26', '2020-02-10'),
  ('141', '3', '3', '2020-01-15', '2020-01-29'),
  ('142', '1', '5', '2020-01-16', '2020-01-24'),
  ('143', '5', '5', '2020-01-29', '2020-02-05'),
  ('144', '3', '4', '2020-01-14', '2020-02-13'),
  ('145', '5', '1', '2020-01-02', '2020-01-25'),
  ('146', '1', '5', '2020-01-05', '2020-01-24'),
  ('147', '1', '1', '2020-01-15', '2020-02-12'),
  ('148', '4', '1', '2020-01-12', '2020-01-14'),
  ('149', '1', '1', '2020-01-13', '2020-01-25'),
  ('150', '2', '5', '2020-01-04', '2020-01-18'),
  ('151', '1', '2', '2020-01-10', '2020-01-26'),
  ('152', '4', '1', '2020-01-01', '2020-01-15'),
  ('153', '3', '5', '2020-01-18', '2020-02-13'),
  ('154', '2', '5', '2020-01-15', '2020-01-22'),
  ('155', '4', '1', '2020-01-10', '2020-02-07'),
  ('156', '5', '5', '2020-01-24', '2020-02-13'),
  ('157', '2', '3', '2020-01-06', '2020-01-24'),
  ('158', '5', '1', '2020-01-18', '2020-01-28'),
  ('159', '5', '3', '2020-01-04', '2020-01-26'),
  ('160', '4', '4', '2020-01-17', '2020-01-23'),
  ('161', '1', '2', '2020-01-08', '2020-01-08'),
  ('162', '2', '1', '2020-01-10', '2020-01-17'),
  ('163', '4', '2', '2020-01-14', '2020-01-31'),
  ('164', '3', '5', '2020-01-10', '2020-01-21'),
  ('165', '4', '5', '2020-01-23', '2020-02-02'),
  ('166', '2', '1', '2020-01-22', '2020-01-24'),
  ('167', '4', '5', '2020-01-30', '2020-02-03'),
  ('168', '5', '1', '2020-01-13', '2020-02-12'),
  ('169', '1', '1', '2020-01-10', '2020-01-19'),
  ('170', '5', '1', '2020-01-14', '2020-01-22'),
  ('171', '1', '4', '2020-01-17', '2020-01-30'),
  ('172', '2', '3', '2020-01-12', '2020-01-31'),
  ('173', '5', '2', '2020-01-14', '2020-02-10'),
  ('174', '4', '5', '2020-01-11', '2020-02-02'),
  ('175', '1', '5', '2020-01-14', '2020-02-11'),
  ('176', '2', '1', '2020-01-26', '2020-02-23'),
  ('177', '3', '5', '2020-01-20', '2020-02-05'),
  ('178', '1', '4', '2020-01-23', '2020-02-22'),
  ('179', '4', '3', '2020-01-05', '2020-02-03'),
  ('180', '1', '2', '2020-01-09', '2020-01-19'),
  ('181', '4', '4', '2020-01-13', '2020-02-04'),
  ('182', '3', '1', '2020-01-08', '2020-01-22'),
  ('183', '2', '4', '2020-01-22', '2020-02-04'),
  ('184', '2', '4', '2020-01-27', '2020-02-03'),
  ('185', '5', '1', '2020-01-29', '2020-02-27'),
  ('186', '2', '4', '2020-01-17', '2020-01-25'),
  ('187', '1', '5', '2020-01-26', '2020-01-31'),
  ('188', '1', '3', '2020-01-13', '2020-02-07'),
  ('189', '4', '2', '2020-01-11', '2020-01-15'),
  ('190', '5', '5', '2020-01-26', '2020-02-18'),
  ('191', '5', '4', '2020-01-16', '2020-01-21'),
  ('192', '5', '5', '2020-01-20', '2020-01-26'),
  ('193', '5', '5', '2020-01-12', '2020-01-25'),
  ('194', '4', '5', '2020-01-28', '2020-02-25'),
  ('195', '4', '3', '2020-01-19', '2020-02-07'),
  ('196', '5', '4', '2020-01-13', '2020-02-09'),
  ('197', '2', '2', '2020-01-22', '2020-02-02'),
  ('198', '3', '1', '2020-01-17', '2020-02-08'),
  ('199', '2', '4', '2020-01-20', '2020-01-30'),
  ('200', '1', '4', '2020-01-29', '2020-02-09'),
 ('1', '3', '2', '2020-03-17', '9999-12-31'),
  ('2', '3', '4', '2020-03-14', '9999-12-31'),
  ('3', '5', '2', '2020-04-25', '9999-12-31'),
  ('4', '5', '3', '2020-04-02', '9999-12-31'),
  ('5', '3', '5', '2020-03-06', '9999-12-31'),
  ('6', '1', '5', '2020-05-30', '9999-12-31'),
  ('7', '2', '5', '2020-04-08', '9999-12-31'),
  ('8', '1', '3', '2020-04-26', '9999-12-31'),
  ('9', '4', '3', '2020-04-03', '9999-12-31'),
  ('10', '3', '2', '2020-03-19', '9999-12-31'),
  ('11', '2', '5', '2020-03-24', '9999-12-31'),
  ('12', '1', '3', '2020-03-01', '9999-12-31'),
  ('13', '2', '4', '2020-04-06', '9999-12-31'),
  ('14', '1', '4', '2020-03-30', '9999-12-31'),
  ('15', '1', '3', '2020-04-17', '9999-12-31'),
  ('16', '4', '1', '2020-04-17', '9999-12-31'),
  ('17', '2', '1', '2020-04-20', '9999-12-31'),
  ('18', '1', '5', '2020-05-07', '9999-12-31'),
  ('19', '2', '3', '2020-03-27', '9999-12-31'),
  ('20', '2', '3', '2020-04-25', '9999-12-31'),
  ('21', '3', '4', '2020-04-25', '9999-12-31'),
  ('22', '4', '3', '2020-04-24', '9999-12-31'),
  ('23', '1', '2', '2020-05-14', '9999-12-31'),
  ('24', '2', '5', '2020-06-11', '9999-12-31'),
  ('25', '5', '1', '2020-05-06', '9999-12-31'),
  ('26', '3', '3', '2020-05-12', '9999-12-31'),
  ('27', '4', '5', '2020-04-06', '9999-12-31'),
  ('28', '4', '1', '2020-03-27', '9999-12-31'),
  ('29', '2', '3', '2020-04-21', '9999-12-31'),
  ('30', '2', '4', '2020-05-10', '9999-12-31'),
  ('31', '3', '3', '2020-04-12', '9999-12-31'),
  ('32', '4', '2', '2020-04-04', '9999-12-31'),
  ('33', '3', '4', '2020-05-05', '9999-12-31'),
  ('34', '2', '2', '2020-04-23', '9999-12-31'),
  ('35', '4', '5', '2020-05-16', '9999-12-31'),
  ('36', '2', '4', '2020-04-18', '9999-12-31'),
  ('37', '1', '4', '2020-03-26', '9999-12-31'),
  ('38', '5', '3', '2020-03-22', '9999-12-31'),
  ('39', '5', '4', '2020-04-24', '9999-12-31'),
  ('40', '2', '3', '2020-04-11', '9999-12-31'),
  ('41', '5', '5', '2020-05-29', '9999-12-31'),
  ('42', '4', '4', '2020-05-18', '9999-12-31'),
  ('43', '2', '2', '2020-03-30', '9999-12-31'),
  ('44', '3', '2', '2020-05-24', '9999-12-31'),
  ('45', '2', '1', '2020-04-22', '9999-12-31'),
  ('46', '1', '4', '2020-04-22', '9999-12-31'),
  ('47', '5', '4', '2020-04-03', '9999-12-31'),
  ('48', '5', '5', '2020-05-01', '9999-12-31'),
  ('49', '2', '3', '2020-03-22', '9999-12-31'),
  ('50', '2', '4', '2020-04-22', '9999-12-31'),
  ('51', '1', '1', '2020-04-11', '9999-12-31'),
  ('52', '5', '4', '2020-04-17', '9999-12-31'),
  ('53', '4', '2', '2020-04-09', '9999-12-31'),
  ('54', '4', '1', '2020-05-28', '9999-12-31'),
  ('55', '5', '5', '2020-04-17', '9999-12-31'),
  ('56', '4', '2', '2020-03-22', '9999-12-31'),
  ('57', '5', '3', '2020-04-28', '9999-12-31'),
  ('58', '3', '4', '2020-04-13', '9999-12-31'),
  ('59', '3', '5', '2020-05-01', '9999-12-31'),
  ('60', '5', '3', '2020-03-07', '9999-12-31'),
  ('61', '4', '3', '2020-03-23', '9999-12-31'),
  ('62', '2', '3', '2020-04-23', '9999-12-31'),
  ('63', '1', '1', '2020-05-06', '9999-12-31'),
  ('64', '2', '1', '2020-04-27', '9999-12-31'),
  ('65', '1', '4', '2020-05-30', '9999-12-31'),
  ('66', '1', '4', '2020-06-08', '9999-12-31'),
  ('67', '3', '5', '2020-04-12', '9999-12-31'),
  ('68', '3', '5', '2020-05-30', '9999-12-31'),
  ('69', '1', '4', '2020-04-18', '9999-12-31'),
  ('70', '3', '5', '2020-04-04', '9999-12-31'),
  ('71', '1', '1', '2020-04-28', '9999-12-31'),
  ('72', '3', '4', '2020-04-19', '9999-12-31'),
  ('73', '1', '5', '2020-04-29', '9999-12-31'),
  ('74', '5', '4', '2020-05-03', '9999-12-31'),
  ('75', '4', '3', '2020-04-10', '9999-12-31'),
  ('76', '2', '4', '2020-04-25', '9999-12-31'),
  ('77', '5', '3', '2020-04-20', '9999-12-31'),
  ('78', '5', '5', '2020-05-11', '9999-12-31'),
  ('79', '1', '5', '2020-04-11', '9999-12-31'),
  ('80', '4', '3', '2020-06-15', '9999-12-31'),
  ('81', '1', '5', '2020-05-24', '9999-12-31'),
  ('82', '2', '3', '2020-04-06', '9999-12-31'),
  ('83', '2', '5', '2020-03-23', '9999-12-31'),
  ('84', '1', '5', '2020-05-02', '9999-12-31'),
  ('85', '5', '4', '2020-04-27', '9999-12-31'),
  ('86', '4', '3', '2020-03-24', '9999-12-31'),
  ('87', '2', '2', '2020-04-06', '9999-12-31'),
  ('88', '3', '2', '2020-05-06', '9999-12-31'),
  ('89', '5', '4', '2020-04-17', '9999-12-31'),
  ('90', '4', '1', '2020-04-23', '9999-12-31'),
  ('91', '4', '5', '2020-04-28', '9999-12-31'),
  ('92', '3', '1', '2020-04-18', '9999-12-31'),
  ('93', '4', '5', '2020-04-04', '9999-12-31'),
  ('94', '5', '4', '2020-04-27', '9999-12-31'),
  ('95', '1', '2', '2020-03-12', '9999-12-31'),
  ('96', '3', '3', '2020-04-24', '9999-12-31'),
  ('97', '3', '1', '2020-04-10', '9999-12-31'),
  ('98', '1', '2', '2020-03-31', '9999-12-31'),
  ('99', '2', '4', '2020-04-26', '9999-12-31'),
  ('100', '1', '5', '2020-03-22', '9999-12-31'),
  ('101', '2', '4', '2020-04-03', '9999-12-31'),
  ('102', '1', '4', '2020-03-18', '9999-12-31'),
  ('103', '4', '5', '2020-04-20', '9999-12-31'),
  ('104', '4', '1', '2020-04-14', '9999-12-31'),
  ('105', '1', '2', '2020-03-14', '9999-12-31'),
  ('106', '2', '5', '2020-06-14', '9999-12-31'),
  ('107', '2', '2', '2020-05-11', '9999-12-31'),
  ('108', '1', '5', '2020-03-14', '9999-12-31'),
  ('109', '4', '4', '2020-04-06', '9999-12-31'),
  ('110', '2', '1', '2020-03-04', '9999-12-31'),
  ('111', '4', '3', '2020-04-23', '9999-12-31'),
  ('112', '1', '5', '2020-05-04', '9999-12-31'),
  ('113', '1', '5', '2020-05-21', '9999-12-31'),
  ('114', '1', '4', '2020-03-18', '9999-12-31'),
  ('115', '5', '4', '2020-06-07', '9999-12-31'),
  ('116', '1', '3', '2020-05-13', '9999-12-31'),
  ('117', '5', '5', '2020-04-27', '9999-12-31'),
  ('118', '3', '4', '2020-03-29', '9999-12-31'),
  ('119', '2', '3', '2020-05-16', '9999-12-31'),
  ('120', '1', '5', '2020-04-25', '9999-12-31'),
  ('121', '3', '5', '2020-03-30', '9999-12-31'),
  ('122', '2', '2', '2020-04-18', '9999-12-31'),
  ('123', '4', '5', '2020-04-26', '9999-12-31'),
  ('124', '3', '1', '2020-03-20', '9999-12-31'),
  ('125', '2', '3', '2020-05-02', '9999-12-31'),
  ('126', '4', '3', '2020-04-18', '9999-12-31'),
  ('127', '5', '5', '2020-04-13', '9999-12-31'),
  ('128', '4', '4', '2020-05-19', '9999-12-31'),
  ('129', '3', '2', '2020-05-25', '9999-12-31'),
  ('130', '3', '1', '2020-04-01', '9999-12-31'),
  ('131', '3', '4', '2020-03-22', '9999-12-31'),
  ('132', '4', '4', '2020-03-13', '9999-12-31'),
  ('133', '2', '5', '2020-04-20', '9999-12-31'),
  ('134', '1', '2', '2020-04-18', '9999-12-31'),
  ('135', '5', '4', '2020-04-22', '9999-12-31'),
  ('136', '3', '4', '2020-05-01', '9999-12-31'),
  ('137', '1', '3', '2020-03-25', '9999-12-31'),
  ('138', '4', '2', '2020-05-16', '9999-12-31'),
  ('139', '4', '5', '2020-04-10', '9999-12-31'),
  ('140', '1', '1', '2020-05-10', '9999-12-31'),
  ('141', '3', '3', '2020-04-07', '9999-12-31'),
  ('142', '1', '4', '2020-03-19', '9999-12-31'),
  ('143', '5', '3', '2020-04-19', '9999-12-31'),
  ('144', '3', '2', '2020-04-30', '9999-12-31'),
  ('145', '5', '2', '2020-04-13', '9999-12-31'),
  ('146', '1', '2', '2020-05-07', '9999-12-31'),
  ('147', '1', '5', '2020-05-22', '9999-12-31'),
  ('148', '4', '4', '2020-03-16', '9999-12-31'),
  ('149', '1', '1', '2020-04-13', '9999-12-31'),
  ('150', '2', '5', '2020-04-22', '9999-12-31'),
  ('151', '1', '1', '2020-04-26', '9999-12-31'),
  ('152', '4', '4', '2020-03-28', '9999-12-31'),
  ('153', '3', '2', '2020-05-06', '9999-12-31'),
  ('154', '2', '2', '2020-04-28', '9999-12-31'),
  ('155', '4', '3', '2020-05-13', '9999-12-31'),
  ('156', '5', '5', '2020-04-18', '9999-12-31'),
  ('157', '2', '1', '2020-04-06', '9999-12-31'),
  ('158', '5', '3', '2020-03-20', '9999-12-31'),
  ('159', '5', '1', '2020-05-01', '9999-12-31'),
  ('160', '4', '4', '2020-04-17', '9999-12-31'),
  ('161', '1', '3', '2020-03-17', '9999-12-31'),
  ('162', '2', '1', '2020-04-01', '9999-12-31'),
  ('163', '4', '1', '2020-03-02', '9999-12-31'),
  ('164', '3', '1', '2020-04-16', '9999-12-31'),
  ('165', '4', '1', '2020-04-06', '9999-12-31'),
  ('166', '2', '3', '2020-05-31', '9999-12-31'),
  ('167', '4', '3', '2020-04-25', '9999-12-31'),
  ('168', '5', '5', '2020-05-31', '9999-12-31'),
  ('169', '1', '3', '2020-04-29', '9999-12-31'),
  ('170', '5', '2', '2020-03-13', '9999-12-31'),
  ('171', '1', '3', '2020-05-12', '9999-12-31'),
  ('172', '2', '1', '2020-05-14', '9999-12-31'),
  ('173', '5', '1', '2020-04-28', '9999-12-31'),
  ('174', '4', '4', '2020-05-07', '9999-12-31'),
  ('175', '1', '5', '2020-05-28', '9999-12-31'),
  ('176', '2', '1', '2020-05-23', '9999-12-31'),
  ('177', '3', '1', '2020-03-28', '9999-12-31'),
  ('178', '1', '3', '2020-07-03', '9999-12-31'),
  ('179', '4', '4', '2020-04-28', '9999-12-31'),
  ('180', '1', '2', '2020-02-28', '9999-12-31'),
  ('181', '4', '5', '2020-05-22', '9999-12-31'),
  ('182', '3', '4', '2020-04-18', '9999-12-31'),
  ('183', '2', '1', '2020-05-13', '9999-12-31'),
  ('184', '2', '3', '2020-04-18', '9999-12-31'),
  ('185', '5', '1', '2020-05-13', '9999-12-31'),
  ('186', '2', '2', '2020-04-17', '9999-12-31'),
  ('187', '1', '5', '2020-04-23', '9999-12-31'),
  ('188', '1', '3', '2020-04-08', '9999-12-31'),
  ('189', '4', '3', '2020-02-24', '9999-12-31'),
  ('190', '5', '1', '2020-04-24', '9999-12-31'),
  ('191', '5', '5', '2020-04-23', '9999-12-31'),
  ('192', '5', '2', '2020-04-29', '9999-12-31'),
  ('193', '5', '3', '2020-04-20', '9999-12-31'),
  ('194', '4', '5', '2020-05-23', '9999-12-31'),
  ('195', '4', '3', '2020-04-16', '9999-12-31'),
  ('196', '5', '5', '2020-04-17', '9999-12-31'),
  ('197', '2', '1', '2020-04-29', '9999-12-31'),
  ('198', '3', '1', '2020-04-16', '9999-12-31'),
  ('199', '2', '3', '2020-04-11', '9999-12-31'),
  ('200', '1', '5', '2020-05-14', '9999-12-31');


  
CREATE TABLE customer_transactions (
  customer_id INTEGER,
  txn_date DATE,
  txn_type VARCHAR(10),
  txn_amount INTEGER
);

INSERT INTO customer_transactions
  (customer_id, txn_date, txn_type, txn_amount)
VALUES
 ('93', '2020-04-09', 'withdrawal', '218'),
  ('93', '2020-03-27', 'withdrawal', '154'),
  ('93', '2020-02-16', 'deposit', '807'),
  ('93', '2020-02-09', 'purchase', '366'),
  ('93', '2020-03-20', 'deposit', '993'),
  ('93', '2020-02-13', 'purchase', '16'),
  ('93', '2020-02-27', 'deposit', '429'),
  ('93', '2020-01-20', 'withdrawal', '593'),
  ('93', '2020-01-18', 'deposit', '435'),
  ('93', '2020-03-30', 'purchase', '279'),
  ('93', '2020-02-01', 'withdrawal', '717'),
  ('93', '2020-02-23', 'withdrawal', '462'),
  ('93', '2020-02-08', 'deposit', '394'),
  ('93', '2020-02-21', 'deposit', '635'),
  ('93', '2020-03-29', 'withdrawal', '477'),
  ('1', '2020-03-05', 'purchase', '612'),
  ('1', '2020-03-17', 'deposit', '324'),
  ('1', '2020-03-19', 'purchase', '664'),
    ('117', '2020-01-28', 'withdrawal', '30'),
  ('117', '2020-02-14', 'withdrawal', '439'),
  ('117', '2020-02-25', 'purchase', '479'),
  ('117', '2020-02-12', 'deposit', '727'),
  ('117', '2020-03-20', 'withdrawal', '920'),
  ('117', '2020-03-13', 'deposit', '430'),
  ('46', '2020-04-20', 'deposit', '430'),
  ('46', '2020-01-31', 'deposit', '661'),
  ('46', '2020-03-04', 'purchase', '294'),
  ('46', '2020-04-03', 'deposit', '631'),
  ('46', '2020-03-23', 'withdrawal', '541'),
  ('46', '2020-04-14', 'purchase', '152'),
  ('46', '2020-03-03', 'deposit', '101'),
  ('46', '2020-04-01', 'purchase', '885'),
  ('46', '2020-02-15', 'purchase', '104'),
  ('46', '2020-02-16', 'deposit', '970'),
  ('46', '2020-01-24', 'purchase', '495'),
  ('46', '2020-03-14', 'purchase', '574'),
  ('96', '2020-01-03', 'deposit', '492'),
  ('96', '2020-03-24', 'withdrawal', '417'),
  ('96', '2020-01-20', 'purchase', '303'),
  ('96', '2020-01-21', 'withdrawal', '290'),
  ('96', '2020-03-10', 'withdrawal', '545'),
  ('96', '2020-02-02', 'deposit', '445'),
  ('96', '2020-01-24', 'deposit', '301'),
  ('96', '2020-03-08', 'deposit', '488'),
  ('96', '2020-03-30', 'purchase', '211'),
  ('96', '2020-03-04', 'purchase', '311'),
  ('96', '2020-01-31', 'deposit', '95'),
  ('96', '2020-02-13', 'purchase', '30'),
  ('96', '2020-03-23', 'withdrawal', '490'),
  ('96', '2020-02-16', 'withdrawal', '65'),
  ('96', '2020-02-28', 'deposit', '31'),
  ('96', '2020-03-28', 'deposit', '891'),
  ('96', '2020-02-29', 'deposit', '108'),
  ('199', '2020-02-07', 'deposit', '672'),
  ('199', '2020-03-06', 'purchase', '529'),
  ('199', '2020-02-01', 'withdrawal', '687'),
  ('199', '2020-04-02', 'withdrawal', '661'),
  ('199', '2020-04-07', 'deposit', '455'),
  ('55', '2020-02-17', 'deposit', '139'),
  ('55', '2020-02-15', 'purchase', '806'),
  ('55', '2020-03-23', 'deposit', '814'),
  ('55', '2020-02-12', 'withdrawal', '570'),
  ('55', '2020-04-06', 'purchase', '277'),
  ('55', '2020-04-02', 'purchase', '585'),
  ('55', '2020-02-28', 'deposit', '597'),
  ('55', '2020-02-15', 'deposit', '408'),
  ('55', '2020-03-03', 'withdrawal', '55'),
  ('52', '2020-02-15', 'deposit', '653'),
  ('52', '2020-01-26', 'deposit', '232'),
  ('52', '2020-02-05', 'deposit', '819'),
  ('122', '2020-04-07', 'withdrawal', '135'),
  ('122', '2020-02-13', 'deposit', '88'),
  ('122', '2020-03-27', 'deposit', '725'),
  ('122', '2020-04-24', 'purchase', '235'),
  ('122', '2020-04-09', 'deposit', '992'),
  ('122', '2020-01-29', 'purchase', '83'),
  ('122', '2020-03-28', 'deposit', '80'),
  ('122', '2020-04-12', 'deposit', '7'),
  ('122', '2020-03-18', 'deposit', '290'),
  ('122', '2020-02-05', 'purchase', '150'),
  ('122', '2020-04-11', 'withdrawal', '678'),
  ('122', '2020-04-20', 'deposit', '51'),
  ('122', '2020-04-23', 'withdrawal', '283'),
  ('59', '2020-02-13', 'deposit', '646'),
  ('59', '2020-02-09', 'deposit', '50'),
  ('59', '2020-04-15', 'purchase', '854'),
  ('59', '2020-03-02', 'withdrawal', '105'),
  ('59', '2020-03-26', 'withdrawal', '433'),
  ('59', '2020-02-07', 'deposit', '570'),
  ('36', '2020-04-28', 'purchase', '564'),
  ('36', '2020-03-16', 'purchase', '280'),
  ('36', '2020-04-22', 'deposit', '560'),
  ('36', '2020-03-19', 'deposit', '421'),
  ('36', '2020-02-09', 'deposit', '990'),
  ('36', '2020-03-28', 'deposit', '524'),
  ('36', '2020-03-16', 'deposit', '86'),
  ('36', '2020-04-28', 'purchase', '610'),
  ('36', '2020-02-12', 'withdrawal', '849'),
  ('74', '2020-03-21', 'deposit', '89'),
  ('143', '2020-03-07', 'withdrawal', '574'),
  ('143', '2020-02-29', 'deposit', '76'),
  ('143', '2020-04-21', 'purchase', '957'),
  ('143', '2020-02-04', 'purchase', '343'),
  ('143', '2020-04-22', 'deposit', '445'),
  ('143', '2020-04-09', 'deposit', '295'),
  ('143', '2020-02-01', 'deposit', '483'),
  ('143', '2020-04-23', 'purchase', '823'),
  ('143', '2020-03-15', 'purchase', '494'),
  ('143', '2020-03-04', 'deposit', '24'),
  ('143', '2020-04-02', 'withdrawal', '561'),
  ('143', '2020-02-20', 'deposit', '602'),
  ('143', '2020-04-24', 'withdrawal', '549'),
  ('143', '2020-04-19', 'purchase', '333'),
  ('143', '2020-03-25', 'purchase', '555'),
   ('188', '2020-02-24', 'deposit', '699'),
  ('188', '2020-04-07', 'purchase', '54'),
  ('188', '2020-01-31', 'withdrawal', '72'),
  ('188', '2020-02-15', 'deposit', '459'),
  ('188', '2020-03-30', 'purchase', '491'),
  ('188', '2020-03-10', 'deposit', '587'),
  ('188', '2020-01-29', 'deposit', '259'),
  ('188', '2020-03-29', 'withdrawal', '314'),
  ('188', '2020-02-20', 'withdrawal', '770'),
  ('188', '2020-02-11', 'deposit', '809'),
  ('188', '2020-03-06', 'withdrawal', '743'),
  ('188', '2020-01-22', 'withdrawal', '340'),
  ('188', '2020-01-27', 'withdrawal', '632'),
  ('188', '2020-04-02', 'purchase', '473'),
  ('138', '2020-02-01', 'deposit', '819'),
  ('138', '2020-01-23', 'deposit', '758'),
  ('138', '2020-03-20', 'withdrawal', '129'),
  ('138', '2020-03-22', 'purchase', '750'),
  ('138', '2020-02-05', 'purchase', '485'),
  ('138', '2020-02-13', 'deposit', '42'),
  ('138', '2020-02-24', 'withdrawal', '958'),
  ('138', '2020-04-06', 'purchase', '850'),
  ('138', '2020-02-07', 'deposit', '604'),
  ('138', '2020-03-24', 'deposit', '619'),
  ('138', '2020-03-29', 'deposit', '15'),
  ('138', '2020-02-29', 'purchase', '64'),
  ('138', '2020-01-31', 'deposit', '38'),
  ('169', '2020-01-25', 'purchase', '985'),
  ('169', '2020-01-29', 'deposit', '657'),
  ('169', '2020-03-09', 'deposit', '737'),
  ('169', '2020-02-28', 'withdrawal', '439'),
  ('169', '2020-01-14', 'withdrawal', '601'),
  ('169', '2020-03-16', 'deposit', '529'),
  ('169', '2020-04-08', 'deposit', '897'),
  ('169', '2020-02-06', 'deposit', '176'),
  ('169', '2020-03-22', 'purchase', '64'),
  ('169', '2020-02-19', 'withdrawal', '417'),
  ('169', '2020-02-26', 'deposit', '59'),
  ('169', '2020-01-19', 'purchase', '268'),
  ('60', '2020-03-02', 'deposit', '188'),
  ('60', '2020-02-01', 'deposit', '857'),
  ('60', '2020-03-31', 'withdrawal', '927'),
  ('60', '2020-01-26', 'deposit', '113'),
  ('60', '2020-01-30', 'purchase', '797'),
  ('60', '2020-03-16', 'withdrawal', '674'),
  ('60', '2020-04-02', 'withdrawal', '424'),
  ('63', '2020-03-06', 'withdrawal', '151'),
  ('63', '2020-02-23', 'withdrawal', '396'),
  ('63', '2020-03-12', 'purchase', '618'),
  ('63', '2020-03-31', 'purchase', '565'),
  ('63', '2020-02-11', 'deposit', '363'),
  ('63', '2020-01-25', 'purchase', '225'),
  ('63', '2020-02-24', 'withdrawal', '156'),
  ('63', '2020-01-16', 'purchase', '88'),
  ('63', '2020-03-10', 'withdrawal', '932'),
  ('63', '2020-02-08', 'purchase', '432'),
  ('63', '2020-01-10', 'purchase', '253'),
  ('63', '2020-03-23', 'withdrawal', '727'),
  ('130', '2020-03-27', 'deposit', '864'),
  ('130', '2020-01-19', 'deposit', '196'),
  ('130', '2020-02-15', 'purchase', '353'),
  ('130', '2020-03-13', 'deposit', '753'),
  ('130', '2020-02-05', 'withdrawal', '488'),
  ('130', '2020-03-01', 'purchase', '971'),
  ('130', '2020-01-07', 'withdrawal', '106'),
  ('130', '2020-03-04', 'deposit', '646'),
  ('130', '2020-01-11', 'withdrawal', '895'),
  ('130', '2020-02-05', 'withdrawal', '71'),
    ('29', '2020-02-09', 'deposit', '937'),
  ('29', '2020-02-13', 'purchase', '509'),
  ('29', '2020-04-17', 'withdrawal', '921'),
  ('29', '2020-03-16', 'withdrawal', '1'),
  ('29', '2020-03-07', 'deposit', '606'),
  ('29', '2020-03-24', 'deposit', '948'),
  ('29', '2020-02-15', 'purchase', '366'),
  ('29', '2020-03-03', 'withdrawal', '834'),
  ('29', '2020-04-16', 'purchase', '576'),
  ('29', '2020-03-25', 'withdrawal', '147'),
  ('29', '2020-04-10', 'deposit', '800'),
  ('29', '2020-04-10', 'withdrawal', '682'),
  ('29', '2020-01-28', 'withdrawal', '360'),
  ('29', '2020-03-20', 'deposit', '335'),
  ('29', '2020-01-31', 'deposit', '527'),
  ('29', '2020-01-25', 'withdrawal', '522'),
  ('132', '2020-01-30', 'withdrawal', '841'),
  ('132', '2020-03-30', 'purchase', '943'),
  ('132', '2020-03-20', 'withdrawal', '377'),
  ('132', '2020-03-26', 'withdrawal', '356'),
  ('132', '2020-02-06', 'withdrawal', '592'),
  ('8', '2020-03-27', 'withdrawal', '775'),
  ('8', '2020-01-30', 'deposit', '946'),
  ('8', '2020-04-11', 'purchase', '323'),
  ('8', '2020-03-30', 'purchase', '467'),
  ('8', '2020-01-28', 'purchase', '566'),
  ('8', '2020-04-13', 'purchase', '649'),
  ('8', '2020-02-06', 'withdrawal', '180'),
    ('97', '2020-02-09', 'withdrawal', '917'),
  ('97', '2020-02-06', 'withdrawal', '416'),
  ('97', '2020-02-03', 'deposit', '227'),
  ('97', '2020-03-25', 'purchase', '559'),
  ('97', '2020-01-21', 'purchase', '32'),
  ('97', '2020-01-22', 'purchase', '984'),
  ('97', '2020-03-08', 'deposit', '198'),
  ('97', '2020-01-16', 'withdrawal', '34'),
  ('97', '2020-03-01', 'withdrawal', '249'),
  ('97', '2020-02-24', 'deposit', '55'),
  ('97', '2020-02-19', 'withdrawal', '98'),
  ('97', '2020-02-24', 'deposit', '286'),
  ('97', '2020-03-23', 'purchase', '839'),
    ('27', '2020-03-11', 'withdrawal', '992'),
  ('27', '2020-01-05', 'deposit', '161'),
  ('27', '2020-03-03', 'purchase', '769'),
  ('27', '2020-02-28', 'deposit', '911'),
  ('27', '2020-01-08', 'deposit', '134'),
  ('27', '2020-03-13', 'deposit', '71'),
  ('27', '2020-02-07', 'deposit', '734'),
  ('27', '2020-02-02', 'withdrawal', '666'),
  ('27', '2020-02-14', 'withdrawal', '690'),
  ('27', '2020-03-12', 'purchase', '175'),
  ('27', '2020-01-02', 'withdrawal', '604'),
  ('27', '2020-01-25', 'withdrawal', '583'),
  ('27', '2020-03-25', 'purchase', '569'),
  ('27', '2020-02-16', 'purchase', '505'),
  ('27', '2020-01-21', 'purchase', '843'),
   ('189', '2020-01-12', 'deposit', '373'),
    ('115', '2020-03-03', 'deposit', '747'),
  ('115', '2020-03-07', 'deposit', '672'),
  ('115', '2020-04-06', 'deposit', '20'),
  ('115', '2020-02-08', 'withdrawal', '196'),
  ('115', '2020-03-30', 'deposit', '361'),
  ('115', '2020-02-25', 'purchase', '393'),
  ('115', '2020-03-28', 'purchase', '51'),
  ('115', '2020-04-06', 'withdrawal', '945'),
  ('150', '2020-02-19', 'purchase', '264'),
  ('150', '2020-01-05', 'withdrawal', '715'),
  ('150', '2020-03-24', 'withdrawal', '807'),
  ('150', '2020-02-03', 'deposit', '63'),
  ('150', '2020-04-01', 'withdrawal', '825'),
  ('150', '2020-02-28', 'deposit', '206'),
  ('150', '2020-03-20', 'deposit', '715'),
  ('150', '2020-02-09', 'purchase', '546'),
  ('189', '2020-03-17', 'purchase', '726'),
  ('189', '2020-03-18', 'withdrawal', '462'),
  ('189', '2020-01-30', 'purchase', '956'),
  ('189', '2020-02-03', 'withdrawal', '870'),
  ('189', '2020-03-22', 'purchase', '718'),
  ('189', '2020-02-06', 'purchase', '393'),
    ('41', '2020-03-23', 'deposit', '582'),
  ('41', '2020-03-26', 'purchase', '617'),
  ('41', '2020-02-02', 'deposit', '443'),
  ('41', '2020-03-12', 'deposit', '151'),
  ('41', '2020-03-27', 'deposit', '689'),
  ('41', '2020-02-06', 'deposit', '84'),
  ('41', '2020-03-22', 'deposit', '232'),
  ('41', '2020-03-25', 'deposit', '872'),
  ('41', '2020-03-26', 'deposit', '65'),
  ('41', '2020-03-15', 'purchase', '397'),
  ('41', '2020-03-12', 'purchase', '293'),
  ('41', '2020-01-31', 'withdrawal', '836'),
  ('41', '2020-03-05', 'deposit', '914'),
  ('41', '2020-02-23', 'deposit', '898'),
  ('41', '2020-03-30', 'purchase', '136'),
  ('41', '2020-04-04', 'withdrawal', '177'),
  ('39', '2020-04-09', 'withdrawal', '529'),
  ('39', '2020-02-19', 'withdrawal', '281'),
  ('39', '2020-04-17', 'deposit', '933'),
  ('39', '2020-03-27', 'withdrawal', '55'),
  ('39', '2020-02-15', 'deposit', '792'),
  ('39', '2020-01-22', 'deposit', '433'),
  ('39', '2020-03-25', 'withdrawal', '409'),
  ('39', '2020-04-09', 'deposit', '939'),
  ('39', '2020-04-13', 'withdrawal', '644'),
  ('39', '2020-02-27', 'purchase', '233'),
  ('189', '2020-01-22', 'deposit', '302');



  --- Business Questions

 --- 1. How many unique nodes are there on the Data Bank system?

 SELECT COUNT(DISTINCT node_id) AS unique_nodes
FROM customer_nodes;



--- 2. What is the number of nodes per region?

SELECT 
    region_id,
    COUNT(DISTINCT node_id) AS nodes_per_region
FROM customer_nodes
GROUP BY region_id;




--- 3. How many customers are allocated to each region?

SELECT 
    region_id,
    COUNT(DISTINCT customer_id) AS customers
FROM customer_nodes
GROUP BY region_id;




--- 4. How many days on average are customers reallocated to a different node?

SELECT 
    AVG(DATEDIFF(DAY, start_date, end_date)) AS avg_reallocation_days
FROM customer_nodes
WHERE end_date IS NOT NULL;




--- 5. What is the median, 80th and 95th percentile for this same reallocation days metric for each region?

WITH reallocation AS (
    SELECT 
        region_id,
        DATEDIFF(DAY, start_date, end_date) AS days_diff
    FROM customer_nodes
    WHERE end_date IS NOT NULL
)
SELECT DISTINCT
    region_id,
    PERCENTILE_CONT(0.5) WITHIN GROUP (ORDER BY days_diff) 
        OVER (PARTITION BY region_id) AS median_days,
    PERCENTILE_CONT(0.8) WITHIN GROUP (ORDER BY days_diff) 
        OVER (PARTITION BY region_id) AS p80_days,
    PERCENTILE_CONT(0.95) WITHIN GROUP (ORDER BY days_diff) 
        OVER (PARTITION BY region_id) AS p95_days
FROM reallocation;



--- 6. What is the unique count and total amount for each transaction type?

SELECT 
    txn_type,
    COUNT(*) AS transaction_count,
    SUM(txn_amount) AS total_amount
FROM customer_transactions
GROUP BY txn_type;




--- 7. What is the average total historical deposit counts and amounts for all customers?

WITH customer_deposits AS (
    SELECT 
        customer_id,
        COUNT(*) AS deposit_count,
        SUM(txn_amount) AS total_amount
    FROM customer_transactions
    WHERE txn_type = 'deposit'
    GROUP BY customer_id
)
SELECT 
    AVG(deposit_count) AS avg_deposit_count,
    AVG(total_amount) AS avg_deposit_amount
FROM customer_deposits;


--- 8. For each month how many Data Bank customers make more than 1 deposit and either 1 purchase or 1 withdrawal in a single month?

WITH monthly_txns AS (
    SELECT 
        customer_id,
        FORMAT(txn_date, 'yyyy-MM') AS month,
        SUM(CASE WHEN txn_type = 'deposit' THEN 1 ELSE 0 END) AS deposits,
        SUM(CASE WHEN txn_type = 'purchase' THEN 1 ELSE 0 END) AS purchases,
        SUM(CASE WHEN txn_type = 'withdrawal' THEN 1 ELSE 0 END) AS withdrawals
    FROM customer_transactions
    GROUP BY customer_id, FORMAT(txn_date, 'yyyy-MM')
)
SELECT 
    month,
    COUNT(DISTINCT customer_id) AS customers
FROM monthly_txns
WHERE deposits > 1
  AND (purchases >= 1 OR withdrawals >= 1)
GROUP BY month;



--- 9. What is the closing balance for each customer at the end of the month?


WITH running_balance AS (
    SELECT
        customer_id,
        txn_date,
        DATEFROMPARTS(YEAR(txn_date), MONTH(txn_date), 1) AS month_start,
        SUM(txn_amount) OVER (
            PARTITION BY customer_id
            ORDER BY txn_date
            ROWS BETWEEN UNBOUNDED PRECEDING AND CURRENT ROW
        ) AS closing_balance
    FROM customer_transactions
),

month_end_balance AS (
    SELECT
        customer_id,
        month_start,
        closing_balance,
        ROW_NUMBER() OVER (
            PARTITION BY customer_id, month_start
            ORDER BY txn_date DESC
        ) AS rn
    FROM running_balance
)

SELECT
    customer_id,
    month_start,
    closing_balance
FROM month_end_balance
WHERE rn = 1
ORDER BY customer_id, month_start;



--- 10. What is the percentage of customers who increase their closing balance by more than 5%?


WITH monthly_balance AS (
    SELECT
        customer_id,
        DATEFROMPARTS(YEAR(txn_date), MONTH(txn_date), 1) AS month_start,
        SUM(txn_amount) OVER (
            PARTITION BY customer_id 
            ORDER BY txn_date
        ) AS closing_balance
    FROM customer_transactions
),

balance_with_prev AS (
    SELECT
        customer_id,
        month_start,
        closing_balance,
        LAG(closing_balance) OVER (
            PARTITION BY customer_id 
            ORDER BY month_start
        ) AS prev_balance
    FROM monthly_balance
),

growth AS (
    SELECT
        customer_id,
        month_start,
        CASE 
            WHEN prev_balance IS NOT NULL AND prev_balance > 0 THEN
                (closing_balance - prev_balance) * 1.0 / prev_balance
        END AS growth_rate
    FROM balance_with_prev
)

SELECT 
    ROUND(
        100.0 * COUNT(DISTINCT CASE WHEN growth_rate > 0.05 THEN customer_id END)
        / COUNT(DISTINCT customer_id),
    2) AS percentage_of_customers
FROM growth;